approach,SW,MQ,changed_per_step,ari_per_step,changed_first_last,ari_first_last,min_share,past_weights
independent,0.08327786124387461,0.5600711521224139,0.23437500000000003,0.5868488896708419,0.49099099099099097,0.34504106186003736,0.037162162162162164,
evolutionary 0.3,0.0786454470495784,0.5578295425362639,0.25591216216216217,0.577437170485015,0.6463963963963963,0.32968565709555325,0.037162162162162164,
evolutionary 0.5,0.06822431357074497,0.5466208201708219,0.15399774774774777,0.7210965784793016,0.43074324324324326,0.41452079343733256,0.037162162162162164,
evolutionary 0.7,0.06623488196725977,0.5446351309609985,0.16990427927927926,0.7180558366180618,0.5106981981981982,0.36255348376039276,0.037162162162162164,
evolutionary 0.8,0.06520096436965137,0.5357435198893397,0.087134009009009,0.8391908079193018,0.2882882882882883,0.5908829383382841,0.037162162162162164,
evolutionary 0.9,0.063829611220564,0.5300637181555247,0.035613738738738736,0.9237835733199367,0.12274774774774774,0.7472183003047633,0.037162162162162164,
affect,0.06709597048273253,0.5464418958971504,0.14864864864864866,0.7412414921012704,0.42286036036036034,0.4226675967589234,0.037162162162162164,0.519;0.536;0.543;0.536
supra 0.1,0.13870813593315545,0.5140182711283179,0.2604166666666667,0.6726991100581429,0.9538288288288288,0.5573253418605173,0.0,
supra 0.3,0.12953151256964182,0.5149382308333962,0.24535472972972974,0.6542145198217674,0.8592342342342343,0.6771916174600182,0.0,
supra 1.0,0.10449989599947225,0.5588866344559765,0.01928490990990991,0.957001572505684,0.0686936936936937,0.8537141397698441,0.03322072072072072,
supra 3.0,0.10332961058352552,0.5607289069660524,0.009572072072072071,0.9783735932207538,0.03434684684684685,0.9229114136189391,0.03209459459459459,
supra 10.0,0.10297715916419317,0.5587062628644299,0.0032376126126126125,0.9927604727842185,0.012387387387387387,0.9718291141625909,0.03209459459459459,
supra 1.0 + refinement,0.1155963288680009,0.5257099940918868,0.023085585585585582,0.9472493492163834,0.07150900900900901,0.8439059330021343,0.029842342342342343,
fixed typology,0.10009656511598639,0.47406292729476407,0.044341216216216214,0.8896950423807637,0.15765765765765766,0.6499163671588953,0.054617117117117114,
