graph,from,to,edge_jaccard,louvain_ari
spend_knn5,2023Q4,2024Q1,0.465,0.352
spend_knn10,2023Q4,2024Q1,0.532,0.331
spend_knn20,2023Q4,2024Q1,0.593,0.535
spend_mutual_knn10,2023Q4,2024Q1,0.491,0.338
spend_threshold,2023Q4,2024Q1,0.643,0.587
full_knn10,2023Q4,2024Q1,0.634,0.599
geo_knn10,2023Q4,2024Q1,0.977,0.717
hybrid_knn10,2023Q4,2024Q1,0.815,0.662
dynamics_knn10,2023Q4,2024Q1,0.23,0.177
lagged_knn10,2023Q4,2024Q1,0.064,0.064
dtw_knn10,2023Q4,2024Q1,0.083,0.147
spend_knn5,2024Q1,2024Q2,0.511,0.326
spend_knn10,2024Q1,2024Q2,0.573,0.393
spend_knn20,2024Q1,2024Q2,0.63,0.426
spend_mutual_knn10,2024Q1,2024Q2,0.54,0.35
spend_threshold,2024Q1,2024Q2,0.69,0.59
full_knn10,2024Q1,2024Q2,0.755,0.591
geo_knn10,2024Q1,2024Q2,0.988,0.75
hybrid_knn10,2024Q1,2024Q2,0.85,0.862
dynamics_knn10,2024Q1,2024Q2,0.209,0.209
lagged_knn10,2024Q1,2024Q2,0.074,0.068
dtw_knn10,2024Q1,2024Q2,0.107,0.14
spend_knn5,2024Q2,2024Q3,0.519,0.334
spend_knn10,2024Q2,2024Q3,0.583,0.357
spend_knn20,2024Q2,2024Q3,0.636,0.46
spend_mutual_knn10,2024Q2,2024Q3,0.54,0.402
spend_threshold,2024Q2,2024Q3,0.71,0.617
full_knn10,2024Q2,2024Q3,0.754,0.687
geo_knn10,2024Q2,2024Q3,0.991,0.814
hybrid_knn10,2024Q2,2024Q3,0.854,0.78
dynamics_knn10,2024Q2,2024Q3,0.232,0.226
lagged_knn10,2024Q2,2024Q3,0.08,0.058
dtw_knn10,2024Q2,2024Q3,0.093,0.117
spend_knn5,2024Q3,2024Q4,0.516,0.324
spend_knn10,2024Q3,2024Q4,0.582,0.414
spend_knn20,2024Q3,2024Q4,0.64,0.457
spend_mutual_knn10,2024Q3,2024Q4,0.532,0.396
spend_threshold,2024Q3,2024Q4,0.706,0.534
full_knn10,2024Q3,2024Q4,0.753,0.727
geo_knn10,2024Q3,2024Q4,0.983,0.76
hybrid_knn10,2024Q3,2024Q4,0.86,0.791
dynamics_knn10,2024Q3,2024Q4,0.221,0.149
lagged_knn10,2024Q3,2024Q4,0.054,0.039
dtw_knn10,2024Q3,2024Q4,0.078,0.106
