,spend_knn5,spend_knn10,spend_knn20,spend_mutual_knn10,spend_threshold,full_knn10,geo_knn10,hybrid_knn10,dynamics_knn10,lagged_knn10,dtw_knn10
spend_knn5,1.0,0.51,0.257,0.653,0.256,0.074,0.033,0.062,0.016,0.007,0.011
spend_knn10,0.51,1.0,0.503,0.515,0.298,0.099,0.041,0.08,0.022,0.009,0.015
spend_knn20,0.257,0.503,1.0,0.259,0.27,0.111,0.043,0.087,0.023,0.01,0.018
spend_mutual_knn10,0.653,0.515,0.259,1.0,0.263,0.076,0.035,0.064,0.017,0.007,0.012
spend_threshold,0.256,0.298,0.27,0.263,1.0,0.081,0.03,0.056,0.03,0.01,0.021
full_knn10,0.074,0.099,0.111,0.076,0.081,1.0,0.074,0.12,0.028,0.009,0.019
geo_knn10,0.033,0.041,0.043,0.035,0.03,0.074,1.0,0.39,0.033,0.011,0.019
hybrid_knn10,0.062,0.08,0.087,0.064,0.056,0.12,0.39,1.0,0.039,0.013,0.024
dynamics_knn10,0.016,0.022,0.023,0.017,0.03,0.028,0.033,0.039,1.0,0.065,0.075
lagged_knn10,0.007,0.009,0.01,0.007,0.01,0.009,0.011,0.013,0.065,1.0,0.023
dtw_knn10,0.011,0.015,0.018,0.012,0.021,0.019,0.019,0.024,0.075,0.023,1.0
