graph,edges,mean_degree,max_degree,isolated,components,giant_share,clustering,same_region,same_type,median_edge_km,louvain_communities,modularity,nmi_region
spend_knn5,6089,6.736,13,0,1,1.0,0.328,0.165,0.57,929.3,19,0.779,0.31
spend_knn10,11931,13.198,25,0,1,1.0,0.364,0.144,0.555,1022.8,13,0.719,0.273
spend_knn20,23716,26.235,44,0,1,1.0,0.395,0.12,0.545,1112.3,9,0.661,0.227
spend_mutual_knn10,6149,6.802,10,6,7,0.997,0.339,0.168,0.575,898.6,25,0.795,0.312
spend_threshold,11931,13.198,132,267,333,0.738,0.329,0.12,0.612,934.2,350,0.567,0.425
full_knn10,13307,14.72,37,0,1,1.0,0.279,0.261,0.667,654.2,12,0.692,0.333
geo_knn10,11089,12.267,48,0,1,1.0,0.6,0.786,0.605,97.4,28,0.89,0.779
hybrid_knn10,11566,12.794,29,0,1,1.0,0.514,0.709,0.697,142.3,23,0.87,0.714
dynamics_knn10,12396,13.712,37,0,1,1.0,0.219,0.122,0.492,1216.3,11,0.569,0.207
