,spend_knn5,spend_knn10,spend_knn20,spend_mutual_knn10,spend_threshold,full_knn10,geo_knn10,hybrid_knn10,dynamics_knn10
spend_knn5,1.0,0.449,0.361,0.418,0.308,0.151,0.077,0.123,0.055
spend_knn10,0.449,1.0,0.517,0.388,0.356,0.167,0.072,0.116,0.057
spend_knn20,0.361,0.517,1.0,0.335,0.345,0.173,0.064,0.109,0.057
spend_mutual_knn10,0.418,0.388,0.335,1.0,0.28,0.132,0.078,0.117,0.047
spend_threshold,0.308,0.356,0.345,0.28,1.0,0.155,0.056,0.093,0.052
full_knn10,0.151,0.167,0.173,0.132,0.155,1.0,0.117,0.167,0.076
geo_knn10,0.077,0.072,0.064,0.078,0.056,0.117,1.0,0.527,0.052
hybrid_knn10,0.123,0.116,0.109,0.117,0.093,0.167,0.527,1.0,0.069
dynamics_knn10,0.055,0.057,0.057,0.047,0.052,0.076,0.052,0.069,1.0
