month,monthly_independent,monthly_pooled,rolling_independent,rolling_pooled
2023-02,0.243,0.1483,,
2023-03,0.1206,0.1533,,
2023-04,0.2057,0.1601,,
2023-05,0.341,0.1635,,
2023-06,0.3957,0.1911,,
2023-07,0.1759,0.2108,,
2023-08,0.1663,0.1646,,
2023-09,0.1776,0.2221,,
2023-10,0.1793,0.1962,,
2023-11,0.1697,0.2057,,
2023-12,0.3754,0.1956,,
2024-01,0.2847,0.2362,0.0118,0.0304
2024-02,0.4098,0.1561,0.0225,0.0536
2024-03,0.1505,0.1488,0.1618,0.0479
2024-04,0.1612,0.1257,0.0293,0.0327
2024-05,0.1629,0.1623,0.062,0.0293
2024-06,0.2508,0.221,0.0575,0.0259
2024-07,0.2103,0.1607,0.0676,0.0372
2024-08,0.1674,0.1601,0.0417,0.0282
2024-09,0.1781,0.2227,0.0169,0.0242
2024-10,0.1691,0.1578,0.0259,0.0209
2024-11,0.1815,0.1471,0.0304,0.0237
2024-12,0.1511,0.1787,0.0552,0.0237
