territory_id,МО,регион,из типа,в тип,доля прогонов со сменой типа,км до столицы региона,ближайшая столица
691,Большеулуйский муниципальный район,Красноярский край,Стареющая сельская периферия,Удалённые территории с высокими зарплатами,0.9514925373134328,158.6,городской округ город Красноярск
2316,Чебаркульский муниципальный район,Челябинская область,Стареющая сельская периферия,Промышленные малые города и районы,0.9446494464944648,68.8,городской округ Челябинский
813,городской округ город-курорт Железноводск,Ставропольский край,Юг и Северный Кавказ,Города и агломерации,0.8401486988847584,77.2,городской округ Черкесский
1634,Большереченский муниципальный район,Омская область,Промышленные малые города и районы,Стареющая сельская периферия,0.8150943396226416,146.3,городской округ город Омск
494,Моргаушский муниципальный округ,Чувашская Республика,Молодые сельские районы,Промышленные малые города и районы,0.8045977011494253,34.9,городской округ город Чебоксары
283,Сернурский муниципальный район,Республика Марий Эл,Молодые сельские районы,Промышленные малые города и районы,0.7545126353790613,83.2,городской округ город Йошкар-Ола
1631,Чулымский муниципальный район,Новосибирская область,Промышленные малые города и районы,Молодые сельские районы,0.7350746268656716,127.0,городской округ город Новосибирск
1277,Куменский муниципальный район,Кировская область,Стареющая сельская периферия,Промышленные малые города и районы,0.6917293233082706,56.8,городской округ город Киров
840,Туркменский муниципальный округ,Ставропольский край,Юг и Северный Кавказ,Стареющая сельская периферия,0.6909090909090909,123.0,городской округ город Ставрополь
2314,Увельский муниципальный район,Челябинская область,Молодые сельские районы,Промышленные малые города и районы,0.6617647058823529,79.9,городской округ Челябинский
83,Янаульский муниципальный район,Республика Башкортостан,Молодые сельские районы,Города и агломерации,0.6606498194945848,124.7,городской округ город Ижевск
574,городской округ город Петровск-Забайкальский,Забайкальский край,Молодые сельские районы,Промышленные малые города и районы,0.6556776556776557,332.3,городской округ город Чита
817,Кировский муниципальный округ,Ставропольский край,Промышленные малые города и районы,Молодые сельские районы,0.651685393258427,54.0,городской округ Нальчик
583,Калганский муниципальный округ,Забайкальский край,Удалённые территории с высокими зарплатами,Молодые сельские районы,0.6319702602230484,393.6,городской округ город Чита
1883,городской округ Чапаевск,Самарская область,Промышленные малые города и районы,Города и агломерации,0.6283524904214559,42.2,городской округ Самара
6,Майкопский муниципальный район,Республика Адыгея,Молодые сельские районы,Юг и Северный Кавказ,0.6150943396226415,12.2,городской округ город Майкоп
1021,Калачевский муниципальный район,Волгоградская область,Юг и Северный Кавказ,Промышленные малые города и районы,0.6072727272727273,62.3,городской округ город-герой Волгоград
778,городской округ Большой Камень,Приморский край,Удалённые территории с высокими зарплатами,Города и агломерации,0.6051660516605166,37.8,городской округ Владивостокский
2036,городской округ Туринский,Свердловская область,Молодые сельские районы,Промышленные малые города и районы,0.6022304832713755,148.8,городской округ город Тюмень
783,городской округ Партизанский,Приморский край,Удалённые территории с высокими зарплатами,Промышленные малые города и районы,0.599250936329588,102.1,городской округ Владивостокский
1068,Устюженский муниципальный округ,Вологодская область,Стареющая сельская периферия,Промышленные малые города и районы,0.5917602996254682,222.7,городской округ город Тверь
779,городской округ Дальнегорский,Приморский край,Удалённые территории с высокими зарплатами,Промышленные малые города и районы,0.5884476534296029,336.7,городской округ Владивостокский
929,Харабалинский муниципальный район,Астраханская область,Стареющая сельская периферия,Молодые сельские районы,0.5880149812734082,131.7,городской округ город Астрахань
595,Сретенский муниципальный район,Забайкальский край,Удалённые территории с высокими зарплатами,Молодые сельские районы,0.5842696629213483,287.2,городской округ город Чита
1566,Сергачский муниципальный округ,Нижегородская область,Промышленные малые города и районы,Стареющая сельская периферия,0.5797665369649806,126.6,городской округ город Нижний Новгород
2264,Новоспасский муниципальный район,Ульяновская область,Промышленные малые города и районы,Стареющая сельская периферия,0.5746268656716418,136.5,городской округ город Ульяновск
1250,Таштагольский муниципальный район,Кемеровская область,Промышленные малые города и районы,Города и агломерации,0.5523465703971119,156.0,городской округ город Горно-Алтайск
1256,Яйский муниципальный округ,Кемеровская область,Молодые сельские районы,Промышленные малые города и районы,0.550185873605948,96.8,городской округ Кемеровский
2024,городской округ Каменский,Свердловская область,Молодые сельские районы,Промышленные малые города и районы,0.5494505494505495,92.9,городской округ город Екатеринбург
1039,Среднеахтубинский муниципальный район,Волгоградская область,Промышленные малые города и районы,Города и агломерации,0.5461254612546126,36.2,городской округ город-герой Волгоград
366,Бавлинский муниципальный район,Республика Татарстан,Молодые сельские районы,Промышленные малые города и районы,0.5444444444444444,178.5,городской округ город Уфа
1535,городской округ Сокольский,Нижегородская область,Стареющая сельская периферия,Промышленные малые города и районы,0.5357142857142857,104.3,городской округ город Нижний Новгород
2028,городской округ Новолялинский,Свердловская область,Стареющая сельская периферия,Промышленные малые города и районы,0.5229007633587787,246.1,городской округ город Екатеринбург
1568,Сосновский муниципальный округ,Нижегородская область,Стареющая сельская периферия,Промышленные малые города и районы,0.5130111524163569,77.9,городской округ город Нижний Новгород
1782,Порховский муниципальный район,Псковская область,Стареющая сельская периферия,Промышленные малые города и районы,0.5111111111111111,72.3,городской округ город Псков
