graph_k,alpha,k,coupling,changed_first_last,ari_reference_2023Q4,ari_reference_2024Q4,SW,MQ
10,0.2,5,0.5,0.057432432432432436,0.5666286716663916,0.5828850961899458,0.12251634907142703,0.49321684192043647
10,0.2,5,1.0,0.05067567567567568,0.5651038869081053,0.5617481968625142,0.12173089911578076,0.49211427992266205
10,0.2,5,2.0,0.051238738738738736,0.5571650663507944,0.5410452454851606,0.12101284012480211,0.4944456258113661
10,0.2,5,3.0,0.05292792792792793,0.5555562229302887,0.5375348795032487,0.12092912636422999,0.4935032897727223
10,0.2,6,0.5,0.07376126126126126,0.4149015499296828,0.429950328976135,0.10712732555839861,0.5106565979759219
10,0.2,6,1.0,0.06813063063063063,0.4129955160322076,0.42234384487017723,0.10686966099993674,0.5087312424059067
10,0.2,6,2.0,0.06306306306306306,0.4156101246700192,0.42730204074667416,0.10703503366832942,0.5100809936323406
10,0.2,6,3.0,0.059684684684684686,0.41829074218599277,0.4285238376048868,0.10622713923039187,0.5092624553195135
10,0.2,7,0.5,0.07713963963963964,0.46057419111580594,0.47636335857168927,0.09252172734264799,0.534160284781636
10,0.2,7,1.0,0.07038288288288289,0.5638846653917463,0.5696821463039163,0.10121763750110313,0.5365232179851069
10,0.2,7,2.0,0.07094594594594594,0.6167305514078655,0.6167801700085024,0.10346097004676695,0.5396292264189023
10,0.2,7,3.0,0.0686936936936937,0.6387094619851087,0.6321417614401823,0.10339844752843134,0.5395808851289147
10,0.3,5,0.5,0.06306306306306306,0.5519019120879591,0.5668147493514057,0.11791983032634575,0.5035847083452115
10,0.3,5,1.0,0.06644144144144144,0.5359771883586146,0.5387388725161737,0.11793096126545093,0.5052909473445464
10,0.3,5,2.0,0.05855855855855856,0.5437077281095938,0.5337297760222629,0.11837650051219702,0.505162823337412
10,0.3,5,3.0,0.059684684684684686,0.5437999940438307,0.5363141012535337,0.11813267625044022,0.5054047252151228
10,0.3,6,0.5,0.08614864864864864,0.7722517508640501,0.76616308438179,0.11675821220350084,0.523826275201547
10,0.3,6,1.0,0.07094594594594594,1.0,1.0,0.11713837519196728,0.5317648261535538
10,0.3,6,2.0,0.06981981981981981,0.9013025912185009,0.9267754477428548,0.11608414620438538,0.5329747714021659
10,0.3,6,3.0,0.06531531531531531,0.880771619958791,0.8881762773598544,0.1157117266891157,0.5345145616567756
10,0.3,7,0.5,0.0929054054054054,0.6108180608505804,0.6500937746632331,0.10264434732799173,0.5585598938247343
10,0.3,7,1.0,0.07995495495495496,0.6520705490810449,0.6621547723544947,0.10271570431308338,0.5590664632756515
10,0.3,7,2.0,0.0731981981981982,0.665818786413292,0.6690130969398412,0.10225317771295087,0.5606109757543738
10,0.3,7,3.0,0.0686936936936937,0.6684757157576954,0.674068858226972,0.10136974622632974,0.5596478143941267
10,0.4,5,0.5,0.07488738738738739,0.5721432355778779,0.5777745544060244,0.10103591876697493,0.510167105330367
10,0.4,5,1.0,0.06756756756756757,0.5280039080513894,0.5215267742676396,0.104249483305574,0.5132308505049143
10,0.4,5,2.0,0.05855855855855856,0.53596604252634,0.5243816238941004,0.11247002036858811,0.5155851835150143
10,0.4,5,3.0,0.05630630630630631,0.5420514095683148,0.5246614250299241,0.11358914526899781,0.5143254945381761
10,0.4,6,0.5,0.0990990990990991,0.8504409477123261,0.8781069509686548,0.10753182484143356,0.5433764458027139
10,0.4,6,1.0,0.08952702702702703,0.8333987724471227,0.8613417867653476,0.11359105696601532,0.5453473674417375
10,0.4,6,2.0,0.07713963963963964,0.7967775874924257,0.7945060486634412,0.11347603959023186,0.5463955401644498
10,0.4,6,3.0,0.07488738738738739,0.7831190960214973,0.7718833984805681,0.11374916387612843,0.5441240759815885
10,0.4,7,0.5,0.10304054054054054,0.6416699432092904,0.6685387057093802,0.10120443558010325,0.5693923684829525
10,0.4,7,1.0,0.08614864864864864,0.6616283332057263,0.6696669290904509,0.10080704995943272,0.5682596415641589
10,0.4,7,2.0,0.08051801801801801,0.660579450343533,0.6748448746100815,0.10069049053932562,0.5680525930205321
10,0.4,7,3.0,0.07713963963963964,0.6571319141663305,0.6751680576481718,0.10064466259206069,0.566999897582927
15,0.2,5,0.5,0.1097972972972973,0.3987795775837914,0.4480805566691122,0.10590078980399302,0.521072420747857
15,0.2,5,1.0,0.0670045045045045,0.5518024532929726,0.5469444649734324,0.11490696424345288,0.4959210590024603
15,0.2,5,2.0,0.06418918918918919,0.5415614893294993,0.5301997059216752,0.11869913510668777,0.49571792563741984
15,0.2,5,3.0,0.06475225225225226,0.5395759023976501,0.524587893364227,0.11915098424979016,0.4955961188874701
15,0.2,6,0.5,0.08558558558558559,0.40865776236234086,0.4390350050393172,0.10664271993187421,0.5078048457479059
15,0.2,6,1.0,0.07488738738738739,0.4137804740588025,0.4388161408368836,0.10564971034346611,0.5067020892770887
15,0.2,6,2.0,0.07432432432432433,0.4170517341226552,0.43588290398333773,0.10514805796176048,0.5056705270248738
15,0.2,6,3.0,0.07150900900900901,0.4174970324537194,0.4346584173923258,0.10514841118410514,0.5059954431486231
15,0.2,7,0.5,0.09009009009009009,0.5882566015631805,0.6228084670440229,0.1028951236865221,0.5400871878289555
15,0.2,7,1.0,0.08558558558558559,0.6113307229275627,0.6207550443279327,0.10387372975669382,0.5425495152675287
15,0.2,7,2.0,0.08220720720720721,0.6136291478309908,0.6149082974917377,0.10376772540215876,0.541410520621196
15,0.2,7,3.0,0.07601351351351351,0.6065201413753137,0.6264490601117748,0.10384671405681005,0.541951648075136
15,0.3,5,0.5,0.1097972972972973,0.5515408362084119,0.5630644647536299,0.10623466240083308,0.5132833771511798
15,0.3,5,1.0,0.07432432432432433,0.532185251289938,0.5306780719974835,0.09877293777818998,0.5071405730592626
15,0.3,5,2.0,0.08051801801801801,0.5209213781299574,0.5026881547806699,0.09700126123934716,0.5055531188921808
15,0.3,5,3.0,0.07094594594594594,0.5245102008767624,0.5057488003665843,0.1015528351863122,0.5068882612435759
15,0.3,6,0.5,0.1036036036036036,0.5906164978566314,0.6153571389009219,0.09504009863866457,0.5511591927696389
15,0.3,6,1.0,0.08783783783783784,0.7027285393516589,0.7384483284682497,0.10176042052982973,0.531041478789948
15,0.3,6,2.0,0.08108108108108109,0.800121546393957,0.8389789303077156,0.1052146384639304,0.530543713659597
15,0.3,6,3.0,0.07488738738738739,0.7926392472686248,0.8294952897996143,0.11097844548723798,0.5316972125695478
15,0.3,7,0.5,0.32995495495495497,0.5508103659339442,0.5059996866585866,0.09338616982708199,0.548498764957482
15,0.3,7,1.0,0.09121621621621621,0.6238923428437023,0.6319237765589358,0.10345882591157889,0.5576759475737937
15,0.3,7,2.0,0.08108108108108109,0.617761470273197,0.6311309712137776,0.10288077163487094,0.5606556389301971
15,0.3,7,3.0,0.07657657657657657,0.6113034535674952,0.6349233360059086,0.10256803291058192,0.5605750148099251
15,0.4,5,0.5,0.09234234234234234,0.6529841440705294,0.6780653499350697,0.11471192211390766,0.5359856203880371
15,0.4,5,1.0,0.08614864864864864,0.4176757477421308,0.4238123752550366,0.10859218372704389,0.5582636782810192
15,0.4,5,2.0,0.06925675675675676,0.571766580846216,0.5814613431753757,0.10802321364026013,0.517177650023066
15,0.4,5,3.0,0.06813063063063063,0.5708890705536482,0.5617462836290906,0.10643497450716781,0.5183706264310309
15,0.4,6,0.5,0.20439189189189189,0.7148893167781252,0.7161500541720539,0.09462543653499209,0.5386749762357159
15,0.4,6,1.0,0.10022522522522523,0.7083416243060208,0.7592311378508552,0.09724016857206513,0.5601558822402433
15,0.4,6,2.0,0.09234234234234234,0.7206616256495914,0.7560066011082152,0.09607680195355123,0.5512038318263918
15,0.4,6,3.0,0.08220720720720721,0.7131552400099579,0.7412395643389421,0.1000685858377979,0.5433208695773308
15,0.4,7,0.5,0.4009009009009009,0.5539048424429264,0.615635057203831,0.060804265983908125,0.539248784866182
15,0.4,7,1.0,0.09177927927927929,0.618088021496338,0.6369842560155633,0.10137387083105662,0.5700400531071772
15,0.4,7,2.0,0.08558558558558559,0.619694302250765,0.6382955794835905,0.10098293505216835,0.5703164788044701
15,0.4,7,3.0,0.0838963963963964,0.620926570072131,0.6341157228685627,0.10071449452297432,0.5699599678825095
