method,calibrated,pairs_by_spending,spending_only,noisier,independent_graph,no_spending
canus_cosine 0.3,0.503,0.511,0.3915,0.289,0.3229,0.3054
canus_euclidean 0.3,0.5648,0.6898,0.3049,0.2475,0.2943,0.359
dmon 0.3,0.4886,0.5942,0.2921,0.2365,0.3301,0.22
fused_spectral 0.3,0.6183,0.7271,0.364,0.2471,0.4921,0.0352
gmm,0.5025,0.411,0.1051,0.2537,0.286,0.3257
kefrin_cosine 0.3,0.5235,0.6229,0.3961,0.2869,0.3587,0.3012
kefrin_euclidean 0.3,0.5727,0.6499,0.3253,0.3107,0.3258,0.3812
kmeans,0.5909,0.6512,0.3019,0.3052,0.3145,0.3865
leiden,0.4672,0.4532,0.4431,0.2046,0.8839,-0.0016
louvain,0.4286,0.4446,0.4567,0.1918,0.9786,-0.001
refined_spectral 0.0,0.6042,0.562,0.2412,0.2765,0.3243,0.3085
refined_spectral 0.1,0.6258,0.7371,0.3261,0.2812,0.3283,0.2864
refined_spectral 0.2,0.6592,0.7717,0.3818,0.281,0.344,0.2592
refined_spectral 0.3,0.6688,0.7678,0.4092,0.2877,0.4473,0.1623
refined_spectral 0.5,0.6611,0.7587,0.4247,0.2784,0.5884,0.0726
refined_spectral 0.7,0.6316,0.7363,0.4388,0.2679,0.6294,0.0496
refined_spectral 1.0,0.5501,0.5713,0.449,0.2788,0.6368,0.0333
spectral,0.4501,0.4345,0.4548,0.2136,0.9864,-0.0002
ward,0.5092,0.5514,0.2085,0.1824,0.1959,0.2443
