method,model calibrated,model pairs_by_spending,kmeans calibrated,kmeans pairs_by_spending,spectral calibrated,spectral pairs_by_spending
fused_spectral,0.6183,0.7271,0.4684,0.4342,0.5059,0.5275
gmm,0.5025,0.411,0.4951,0.3604,0.3343,0.2765
kefrin_cosine,0.5235,0.6229,0.5624,0.4495,0.5152,0.452
kefrin_euclidean,0.5727,0.6499,0.729,0.4975,0.4617,0.323
kmeans,0.5909,0.6512,0.7293,0.5069,0.4318,0.2915
refined_spectral w0.0,0.6512,0.7429,0.5892,0.4991,0.4807,0.507
refined_spectral w0.3,0.6589,0.7505,0.583,0.4969,0.4934,0.5245
refined_spectral w0.5,0.6653,0.7608,0.5732,0.4944,0.5122,0.5398
refined_spectral w0.6,0.6724,0.7657,0.5646,0.4911,0.5223,0.5523
refined_spectral w0.7,0.6688,0.7678,0.5515,0.4845,0.5312,0.5668
refined_spectral w0.8,0.6637,0.767,0.5315,0.4748,0.5439,0.5758
refined_spectral w0.9,0.6415,0.7553,0.4892,0.4495,0.5578,0.5778
refined_spectral w1.0,0.5656,0.6292,0.4035,0.3784,0.5485,0.5653
spectral,0.4501,0.4345,0.3312,0.3242,0.6281,0.6452
ward,0.5092,0.5514,0.4774,0.3872,0.3213,0.2916
