territory_id,moved_share,runs
1,0.0,264
2,0.011450381679389313,262
3,0.0036900369003690036,271
4,0.007272727272727273,275
5,0.20446096654275092,269
6,0.6150943396226415,265
7,0.0,265
8,0.0,274
9,0.38267148014440433,277
10,0.0,272
11,0.0,267
12,0.37407407407407406,270
13,0.0,269
14,0.0,268
15,0.0,273
16,0.0,268
17,0.0,275
18,0.0,267
19,0.0,259
20,0.0,275
21,0.0,266
22,0.03731343283582089,268
23,0.0,268
25,0.0,269
26,0.0,270
27,0.0,269
28,0.0,269
29,0.0,279
30,0.0,257
31,0.05693950177935943,281
32,0.2903225806451613,279
33,0.018518518518518517,270
34,0.22140221402214022,271
35,0.0,276
36,0.1037037037037037,270
37,0.03717472118959108,269
38,0.0,264
39,0.14606741573033707,267
40,0.0,269
41,0.08759124087591241,274
42,0.0,279
43,0.025547445255474453,274
44,0.0,275
45,0.018867924528301886,265
46,0.018518518518518517,270
47,0.0,273
48,0.08727272727272728,275
49,0.06273062730627306,271
50,0.0,277
51,0.0,273
52,0.24150943396226415,265
53,0.011235955056179775,267
54,0.11808118081180811,271
55,0.06343283582089553,268
56,0.03237410071942446,278
57,0.0,275
58,0.20149253731343283,268
59,0.02564102564102564,273
60,0.03745318352059925,267
61,0.022556390977443608,266
62,0.018518518518518517,270
63,0.1033210332103321,271
65,0.26765799256505574,269
66,0.0,276
67,0.04814814814814815,270
68,0.007380073800738007,271
69,0.10861423220973783,267
70,0.15808823529411764,272
71,0.08029197080291971,274
72,0.2158273381294964,278
73,0.0,277
74,0.1386861313868613,274
75,0.0,269
76,0.0,264
77,0.0,269
78,0.14233576642335766,274
79,0.0,271
80,0.07220216606498195,277
81,0.0,272
82,0.07326007326007326,273
83,0.6606498194945848,277
167,0.01845018450184502,271
168,0.0,266
169,0.007662835249042145,261
173,0.0,274
181,0.027237354085603113,257
184,0.021897810218978103,274
185,0.3231939163498099,263
188,0.0449438202247191,267
191,0.16423357664233576,274
194,0.09022556390977443,266
195,0.0,272
196,0.0037174721189591076,269
198,0.0037593984962406013,266
201,0.018867924528301886,265
203,0.011320754716981131,265
204,0.0,269
205,0.0037174721189591076,269
206,0.0,280
207,0.17228464419475656,267
208,0.011111111111111112,270
209,0.007246376811594203,276
210,0.01858736059479554,269
211,0.01838235294117647,272
212,0.014814814814814815,270
213,0.0035971223021582736,278
214,0.007380073800738007,271
215,0.0037593984962406013,266
216,0.0037313432835820895,268
217,0.007692307692307693,260
218,0.045112781954887216,266
219,0.011152416356877323,269
220,0.08108108108108109,259
221,0.01098901098901099,273
222,0.003745318352059925,267
223,0.011152416356877323,269
224,0.0,269
225,0.12962962962962962,270
226,0.056179775280898875,267
227,0.23076923076923078,260
228,0.011194029850746268,268
229,0.23161764705882354,272
230,0.0,265
231,0.011111111111111112,270
232,0.07806691449814127,269
233,0.03018867924528302,265
234,0.07865168539325842,267
235,0.11805555555555555,288
236,0.0036363636363636364,275
237,0.0,269
238,0.026515151515151516,264
239,0.03759398496240601,266
240,0.33458646616541354,266
241,0.014336917562724014,279
242,0.0830188679245283,265
243,0.16356877323420074,269
269,0.0,273
270,0.0,275
271,0.003663003663003663,273
272,0.041044776119402986,268
273,0.17843866171003717,269
274,0.05128205128205128,273
275,0.03308823529411765,272
276,0.3235294117647059,272
277,0.08487084870848709,271
278,0.0,269
279,0.26838235294117646,272
280,0.16981132075471697,265
281,0.15498154981549817,271
282,0.08118081180811808,271
283,0.7545126353790613,277
284,0.11355311355311355,273
285,0.022058823529411766,272
287,0.02181818181818182,275
288,0.04814814814814815,270
289,0.034220532319391636,263
290,0.029411764705882353,272
292,0.014925373134328358,268
293,0.04905660377358491,265
294,0.032846715328467155,274
295,0.030303030303030304,264
296,0.01818181818181818,275
297,0.036101083032490974,277
298,0.10545454545454545,275
300,0.011278195488721804,266
301,0.3358208955223881,268
302,0.0036496350364963502,274
303,0.01838235294117647,272
304,0.06810035842293907,279
305,0.02214022140221402,271
306,0.0648854961832061,262
307,0.026022304832713755,269
308,0.0,273
309,0.1801470588235294,272
312,0.0,274
314,0.055762081784386616,269
316,0.0,267
317,0.03676470588235294,272
318,0.0036231884057971015,276
319,0.0,273
320,0.06884057971014493,276
321,0.20727272727272728,275
323,0.0,276
324,0.029197080291970802,274
325,0.0,265
326,0.05555555555555555,270
327,0.0,272
329,0.1839080459770115,261
330,0.0036900369003690036,271
331,0.003703703703703704,270
332,0.0,275
333,0.0,257
334,0.0,261
335,0.0,275
336,0.12915129151291513,271
337,0.054945054945054944,273
338,0.0,271
339,0.07092198581560284,282
340,0.0,268
341,0.0,254
342,0.22348484848484848,264
343,0.08333333333333333,276
345,0.0036363636363636364,275
346,0.0,269
347,0.0,269
348,0.0,268
349,0.0,272
351,0.018656716417910446,268
352,0.0,278
354,0.0,277
355,0.0,270
356,0.02564102564102564,273
357,0.02631578947368421,266
358,0.007272727272727273,275
359,0.054945054945054944,273
360,0.06319702602230483,269
361,0.10266159695817491,263
362,0.0,265
363,0.043478260869565216,276
364,0.1471698113207547,265
365,0.08487084870848709,271
366,0.5444444444444444,270
367,0.04868913857677903,267
368,0.0,273
369,0.22014925373134328,268
370,0.3772893772893773,273
371,0.0,275
372,0.22794117647058823,272
373,0.0,266
374,0.38545454545454544,275
375,0.0,271
376,0.13284132841328414,271
377,0.0,271
378,0.1037037037037037,270
379,0.0,274
380,0.0,261
381,0.09398496240601503,266
382,0.10150375939849623,266
383,0.4795539033457249,269
384,0.04059040590405904,271
385,0.0,267
386,0.12681159420289856,276
387,0.4908424908424908,273
388,0.0,271
390,0.014598540145985401,274
391,0.17843866171003717,269
392,0.02631578947368421,266
393,0.007272727272727273,275
395,0.16911764705882354,272
396,0.08960573476702509,279
397,0.0,269
398,0.04597701149425287,261
401,0.0,268
402,0.0,268
403,0.0,262
404,0.0,273
405,0.0,266
408,0.0,269
410,0.0,278
413,0.08171206225680934,257
414,0.003676470588235294,272
416,0.0,273
418,0.0,268
419,0.0,272
420,0.0,273
421,0.0,270
422,0.0,270
423,0.16176470588235295,272
424,0.07835820895522388,268
425,0.051470588235294115,272
428,0.007462686567164179,268
429,0.022304832713754646,269
430,0.0,266
431,0.029411764705882353,272
432,0.00749063670411985,267
433,0.08270676691729323,266
434,0.0449438202247191,267
435,0.0,272
436,0.048327137546468404,269
437,0.0,270
438,0.06319702602230483,269
440,0.1660377358490566,265
441,0.01858736059479554,269
442,0.16791044776119404,268
443,0.09398496240601503,266
444,0.025179856115107913,278
445,0.0,273
446,0.06909090909090909,275
447,0.0,266
448,0.0,271
449,0.011278195488721804,266
450,0.01509433962264151,265
451,0.03717472118959108,269
452,0.0,275
453,0.0,266
455,0.0,267
456,0.06037735849056604,265
457,0.03225806451612903,279
458,0.0,270
459,0.0,271
460,0.06691449814126393,269
478,0.0,267
479,0.3068181818181818,264
480,0.0,272
481,0.0,267
482,0.01824817518248175,274
484,0.2962962962962963,270
485,0.04597701149425287,261
486,0.13409961685823754,261
487,0.2290909090909091,275
489,0.34074074074074073,270
490,0.048327137546468404,269
491,0.055762081784386616,269
492,0.0037593984962406013,266
493,0.015209125475285171,263
494,0.8045977011494253,261
495,0.011194029850746268,268
496,0.007462686567164179,268
497,0.01509433962264151,265
498,0.45627376425855515,263
499,0.09386281588447654,277
501,0.42379182156133827,269
502,0.01090909090909091,275
503,0.06159420289855073,276
504,0.0,271
505,0.05054151624548736,277
506,0.14559386973180077,261
507,0.0,262
508,0.017793594306049824,281
509,0.0,268
510,0.0,274
511,0.0,267
512,0.03272727272727273,275
515,0.0,268
516,0.03690036900369004,271
517,0.07196969696969698,264
518,0.07462686567164178,268
519,0.03802281368821293,263
520,0.0,270
521,0.08571428571428572,280
522,0.07720588235294118,272
523,0.11355311355311355,273
524,0.037037037037037035,270
525,0.007272727272727273,275
527,0.12318840579710146,276
528,0.07942238267148015,277
529,0.05514705882352941,272
530,0.043795620437956206,274
531,0.022813688212927757,263
532,0.0996309963099631,271
533,0.018518518518518517,270
534,0.019157088122605363,261
535,0.018867924528301886,265
536,0.0036900369003690036,271
537,0.018315018315018316,273
538,0.11152416356877323,269
539,0.07380073800738007,271
540,0.06227106227106227,273
541,0.0,268
542,0.5338345864661654,266
543,0.052434456928838954,267
544,0.026415094339622643,265
545,0.21509433962264152,265
546,0.01773049645390071,282
547,0.03007518796992481,266
548,0.0364963503649635,274
549,0.0,276
550,0.0,266
552,0.03333333333333333,270
553,0.01486988847583643,269
554,0.45323741007194246,278
555,0.06666666666666667,270
556,0.11742424242424243,264
557,0.0,274
558,0.3007246376811594,276
559,0.18681318681318682,273
560,0.07749077490774908,271
561,0.18681318681318682,273
562,0.0625,272
563,0.01486988847583643,269
564,0.0149812734082397,267
565,0.0,273
566,0.011152416356877323,269
567,0.014760147601476014,271
568,0.05338078291814947,281
569,0.10915492957746478,284
570,0.05947955390334572,269
571,0.21245421245421245,273
572,0.011320754716981131,265
574,0.6556776556776557,273
578,0.21722846441947566,267
579,0.0037174721189591076,269
580,0.003787878787878788,264
581,0.0,268
582,0.0,266
583,0.6319702602230484,269
584,0.0036101083032490976,277
585,0.13584905660377358,265
586,0.0,271
587,0.16974169741697417,271
588,0.0,271
589,0.30970149253731344,268
591,0.07063197026022305,269
592,0.0,272
593,0.0036900369003690036,271
594,0.34444444444444444,270
595,0.5842696629213483,267
598,0.033582089552238806,268
599,0.014814814814814815,270
600,0.0,269
601,0.0,262
602,0.01818181818181818,275
603,0.014925373134328358,268
604,0.02867383512544803,279
605,0.0,272
606,0.0,274
607,0.0,272
608,0.0,270
612,0.0,276
613,0.01858736059479554,269
614,0.0,270
615,0.0,261
616,0.0,267
618,0.0,267
619,0.0,264
621,0.0,273
666,0.0,278
667,0.0,272
668,0.010638297872340425,282
669,0.04363636363636364,275
670,0.0037735849056603774,265
671,0.09022556390977443,266
674,0.0,280
675,0.36428571428571427,280
676,0.0,273
677,0.01845018450184502,271
678,0.03007518796992481,266
679,0.0,270
680,0.04868913857677903,267
683,0.03435114503816794,262
685,0.05454545454545454,275
686,0.0,271
687,0.0036363636363636364,275
689,0.036231884057971016,276
690,0.0299625468164794,267
691,0.9514925373134329,268
692,0.1223021582733813,278
693,0.0,273
694,0.08582089552238806,268
695,0.19047619047619047,273
696,0.05204460966542751,269
697,0.09665427509293681,269
698,0.03745318352059925,267
699,0.014652014652014652,273
701,0.3212996389891697,277
702,0.0,280
703,0.025925925925925925,270
704,0.045627376425855515,263
705,0.0425531914893617,282
706,0.01090909090909091,275
708,0.0,273
710,0.14963503649635038,274
711,0.01893939393939394,264
712,0.16236162361623616,271
713,0.036231884057971016,276
714,0.039285714285714285,280
715,0.003703703703703704,270
716,0.0,268
717,0.07246376811594203,276
718,0.0,265
719,0.007246376811594203,276
720,0.0,270
721,0.12452830188679245,265
722,0.0,269
723,0.16117216117216118,273
725,0.0,270
726,0.0,268
727,0.0,275
731,0.022058823529411766,272
734,0.0,272
735,0.029411764705882353,272
736,0.13653136531365315,271
737,0.4230769230769231,260
738,0.07777777777777778,270
739,0.02247191011235955,267
741,0.011320754716981131,265
742,0.09328358208955224,268
743,0.10600706713780919,283
744,0.10424710424710425,259
745,0.0,270
746,0.0,272
747,0.01838235294117647,272
748,0.0,269
749,0.05639097744360902,266
751,0.030534351145038167,262
752,0.018315018315018316,273
753,0.13653136531365315,271
754,0.2366412213740458,262
755,0.16044776119402984,268
756,0.2779783393501805,277
757,0.0,260
758,0.2988929889298893,271
760,0.0,272
761,0.018656716417910446,268
763,0.0,259
764,0.2733812949640288,278
765,0.026217228464419477,267
766,0.14814814814814814,270
767,0.20075757575757575,264
769,0.025089605734767026,279
770,0.1828358208955224,268
771,0.0898876404494382,267
773,0.055762081784386616,269
774,0.29044117647058826,272
775,0.0,263
776,0.007462686567164179,268
777,0.0,267
778,0.6051660516605166,271
779,0.5884476534296029,277
780,0.39492753623188404,276
781,0.01486988847583643,269
782,0.0,266
783,0.599250936329588,267
784,0.15985130111524162,269
785,0.0,279
787,0.15925925925925927,270
788,0.007575757575757576,264
789,0.17472118959107807,269
790,0.16917293233082706,266
791,0.18021201413427562,283
792,0.0,264
793,0.1918819188191882,271
794,0.07692307692307693,273
795,0.1111111111111111,270
796,0.1992619926199262,271
797,0.22388059701492538,268
798,0.19927536231884058,276
799,0.0,264
800,0.23333333333333334,270
801,0.0037735849056603774,265
802,0.08487084870848709,271
803,0.0,272
804,0.10236220472440945,254
805,0.039568345323741004,278
806,0.0695970695970696,273
807,0.0,256
808,0.04395604395604396,273
809,0.0,267
810,0.007407407407407408,270
811,0.007246376811594203,276
812,0.0,268
813,0.8401486988847584,269
814,0.22794117647058823,272
815,0.007407407407407408,270
817,0.651685393258427,267
818,0.0,272
819,0.26865671641791045,268
820,0.0,271
821,0.0036900369003690036,271
822,0.039711191335740074,277
823,0.0,271
824,0.0,269
825,0.0037174721189591076,269
826,0.08088235294117647,272
827,0.2246376811594203,276
828,0.08856088560885608,271
829,0.13059701492537312,268
830,0.0,261
831,0.3007518796992481,266
832,0.0,267
833,0.07782101167315175,257
834,0.010948905109489052,274
835,0.010948905109489052,274
836,0.17153284671532848,274
838,0.3772893772893773,273
839,0.13405797101449277,276
840,0.6909090909090909,275
841,0.0,262
842,0.0,270
843,0.0,270
844,0.0037735849056603774,265
846,0.022222222222222223,270
847,0.0,278
848,0.0,269
849,0.10256410256410256,273
851,0.1169811320754717,265
852,0.0,279
853,0.0,267
854,0.0,263
855,0.0,277
856,0.0,275
857,0.0,267
859,0.3115942028985507,276
860,0.0,272
870,0.007575757575757576,264
871,0.08148148148148149,270
872,0.026022304832713755,269
873,0.0,273
874,0.007220216606498195,277
875,0.0,270
876,0.19424460431654678,278
877,0.24242424242424243,264
878,0.0,268
879,0.1794871794871795,273
880,0.3592592592592593,270
881,0.25,264
882,0.3602941176470588,272
883,0.0,277
884,0.0,268
885,0.09701492537313433,268
886,0.0,264
888,0.0,278
889,0.0,267
890,0.0,266
891,0.0,273
892,0.0,263
895,0.03065134099616858,261
896,0.0,272
897,0.007246376811594203,276
898,0.01107011070110701,271
899,0.06037735849056604,265
900,0.003703703703703704,270
901,0.07865168539325842,267
902,0.0038022813688212928,263
903,0.01098901098901099,273
904,0.022988505747126436,261
905,0.10740740740740741,270
907,0.20146520146520147,273
908,0.007352941176470588,272
909,0.026022304832713755,269
911,0.0,266
912,0.33962264150943394,265
913,0.028985507246376812,276
914,0.08148148148148149,270
915,0.05343511450381679,262
916,0.02909090909090909,275
917,0.0,269
918,0.0,269
920,0.01893939393939394,264
922,0.10357142857142858,280
923,0.03816793893129771,262
924,0.04150943396226415,265
925,0.3258426966292135,267
926,0.014492753623188406,276
927,0.0,262
928,0.0,279
929,0.5880149812734082,267
930,0.08646616541353383,266
986,0.0,272
987,0.0,266
988,0.0,264
989,0.0,260
991,0.0,271
992,0.055350553505535055,271
993,0.15730337078651685,267
994,0.0037174721189591076,269
995,0.0036496350364963502,274
996,0.06415094339622641,265
998,0.038314176245210725,261
999,0.04779411764705882,272
1001,0.4981549815498155,271
1002,0.21755725190839695,262
1003,0.0,259
1004,0.05514705882352941,272
1005,0.06884057971014493,276
1006,0.0037593984962406013,266
1007,0.0,265
1008,0.0,270
1009,0.0,273
1010,0.015384615384615385,260
1011,0.014336917562724014,279
1012,0.021897810218978103,274
1013,0.03985507246376811,276
1014,0.043478260869565216,276
1015,0.025454545454545455,275
1016,0.025830258302583026,271
1017,0.03383458646616541,266
1018,0.12222222222222222,270
1019,0.01893939393939394,264
1020,0.0989010989010989,273
1021,0.6072727272727273,275
1023,0.02112676056338028,284
1024,0.007462686567164179,268
1025,0.014925373134328358,268
1026,0.0,269
1027,0.0,268
1028,0.025362318840579712,276
1029,0.033707865168539325,267
1030,0.028985507246376812,276
1031,0.09386281588447654,277
1032,0.03676470588235294,272
1033,0.06513409961685823,261
1034,0.037037037037037035,270
1035,0.07142857142857142,266
1036,0.0,260
1037,0.050359712230215826,278
1038,0.04059040590405904,271
1039,0.5461254612546126,271
1040,0.13333333333333333,270
1041,0.05970149253731343,268
1044,0.028985507246376812,276
1047,0.0035587188612099642,281
1048,0.1814814814814815,270
1049,0.01509433962264151,265
1051,0.11610486891385768,267
1052,0.025735294117647058,272
1053,0.007462686567164179,268
1054,0.08745247148288973,263
1055,0.20522388059701493,268
1056,0.026717557251908396,262
1057,0.011406844106463879,263
1058,0.47058823529411764,272
1059,0.34765625,256
1060,0.06367041198501873,267
1061,0.15942028985507245,276
1062,0.11678832116788321,274
1063,0.025830258302583026,271
1064,0.0,264
1065,0.17518248175182483,274
1066,0.018726591760299626,267
1067,0.04150943396226415,265
1068,0.5917602996254682,267
1069,0.25547445255474455,274
1070,0.0037313432835820895,268
1071,0.029304029304029304,273
1072,0.02973977695167286,269
1107,0.0,271
1108,0.08029197080291971,274
1109,0.0,272
1110,0.010869565217391304,276
1111,0.04059040590405904,271
1112,0.01444043321299639,277
1113,0.04744525547445255,274
1115,0.014492753623188406,276
1116,0.014760147601476014,271
1117,0.0,270
1118,0.047619047619047616,273
1119,0.022641509433962263,265
1120,0.014545454545454545,275
1121,0.05776173285198556,277
1122,0.0,263
1123,0.03383458646616541,266
1124,0.0,262
1125,0.0,268
1126,0.007575757575757576,264
1127,0.003703703703703704,270
1128,0.45229681978798586,283
1129,0.29411764705882354,272
1130,0.0,257
1131,0.10780669144981413,269
1132,0.08088235294117647,272
1133,0.019305019305019305,259
1134,0.0,263
1135,0.0,267
1136,0.0,273
1137,0.0036101083032490976,277
1138,0.05970149253731343,268
1139,0.17293233082706766,266
1140,0.0,253
1141,0.0,261
1142,0.02197802197802198,273
1143,0.01838235294117647,272
1144,0.15985130111524162,269
1146,0.011320754716981131,265
1147,0.0,274
1148,0.0,266
1149,0.003676470588235294,272
1150,0.0,266
1151,0.0,268
1152,0.0,272
1153,0.0037313432835820895,268
1154,0.0,273
1155,0.0,281
1157,0.13818181818181818,275
1158,0.04814814814814815,270
1159,0.0,278
1160,0.05555555555555555,252
1161,0.0149812734082397,267
1163,0.352059925093633,267
1164,0.0,278
1165,0.0037174721189591076,269
1166,0.0,267
1167,0.0,269
1168,0.0,277
1169,0.0,270
1170,0.0,265
1171,0.0,269
1172,0.0,268
1173,0.0,273
1174,0.0,264
1175,0.0,270
1176,0.0,273
1178,0.2878228782287823,271
1179,0.05925925925925926,270
1180,0.0625,272
1181,0.007633587786259542,262
1184,0.0,264
1185,0.04797047970479705,271
1186,0.0,279
1187,0.09025270758122744,277
1188,0.0,267
1189,0.10989010989010989,273
1190,0.0,259
1191,0.13846153846153847,260
1192,0.15384615384615385,273
1193,0.14909090909090908,275
1194,0.03745318352059925,267
1195,0.08118081180811808,271
1196,0.1893939393939394,264
1197,0.018656716417910446,268
1198,0.0,274
1200,0.0,270
1201,0.06593406593406594,273
1203,0.0,274
1204,0.026217228464419477,267
1205,0.00749063670411985,267
1206,0.0,269
1207,0.0,272
1208,0.046762589928057555,278
1209,0.0,272
1210,0.0,273
1211,0.007326007326007326,273
1212,0.0,271
1213,0.030303030303030304,264
1214,0.007168458781362007,279
1215,0.041044776119402986,268
1217,0.022727272727272728,264
1218,0.13909774436090225,266
1219,0.04887218045112782,266
1220,0.022727272727272728,264
1221,0.02197802197802198,273
1222,0.08333333333333333,276
1223,0.015037593984962405,266
1224,0.0,282
1225,0.0,275
1226,0.0,275
1227,0.137546468401487,269
1228,0.04887218045112782,266
1229,0.0,273
1230,0.0,263
1231,0.007352941176470588,272
1232,0.16730038022813687,263
1233,0.0,271
1234,0.022304832713754646,269
1235,0.04363636363636364,275
1236,0.0,268
1237,0.046511627906976744,258
1238,0.0,275
1240,0.2518518518518518,270
1241,0.025925925925925925,270
1242,0.01486988847583643,269
1243,0.0,267
1244,0.36531365313653136,271
1246,0.018115942028985508,276
1249,0.0036900369003690036,271
1250,0.5523465703971119,277
1251,0.1455223880597015,268
1252,0.15328467153284672,274
1253,0.014760147601476014,271
1254,0.0037313432835820895,268
1256,0.550185873605948,269
1257,0.021505376344086023,279
1258,0.0,271
1259,0.05474452554744526,274
1260,0.2872727272727273,275
1261,0.011152416356877323,269
1262,0.06227106227106227,273
1264,0.0036496350364963502,274
1265,0.12452830188679245,265
1266,0.06204379562043796,274
1267,0.08614232209737828,267
1268,0.14015151515151514,264
1269,0.007142857142857143,280
1270,0.0037593984962406013,266
1271,0.003745318352059925,267
1272,0.007352941176470588,272
1273,0.007434944237918215,269
1274,0.007547169811320755,265
1275,0.12267657992565056,269
1276,0.018867924528301886,265
1277,0.6917293233082706,266
1278,0.011194029850746268,268
1279,0.026119402985074626,268
1280,0.014814814814814815,270
1281,0.2867647058823529,272
1282,0.13438735177865613,253
1284,0.04797047970479705,271
1285,0.007194244604316547,278
1286,0.01858736059479554,269
1287,0.04395604395604396,273
1288,0.003745318352059925,267
1289,0.10646387832699619,263
1290,0.11808118081180811,271
1291,0.011194029850746268,268
1292,0.08,275
1293,0.0,276
1294,0.015037593984962405,266
1295,0.04332129963898917,277
1296,0.007462686567164179,268
1297,0.13768115942028986,276
1298,0.0036231884057971015,276
1299,0.021897810218978103,274
1300,0.04263565891472868,258
1301,0.12773722627737227,274
1302,0.06367041198501873,267
1303,0.0,276
1304,0.0036496350364963502,274
1305,0.030534351145038167,262
1306,0.0037174721189591076,269
1308,0.0035714285714285713,280
1309,0.041044776119402986,268
1310,0.0036231884057971015,276
1311,0.003676470588235294,272
1312,0.026415094339622643,265
1313,0.007662835249042145,261
1314,0.0037593984962406013,266
1315,0.3938223938223938,259
1316,0.007547169811320755,265
1317,0.026415094339622643,265
1319,0.0036900369003690036,271
1320,0.05090909090909091,275
1321,0.007518796992481203,266
1322,0.010830324909747292,277
1323,0.0038910505836575876,257
1324,0.018315018315018316,273
1325,0.01107011070110701,271
1326,0.34074074074074073,270
1327,0.015037593984962405,266
1328,0.022813688212927757,263
1329,0.02973977695167286,269
1330,0.007352941176470588,272
1331,0.014598540145985401,274
1333,0.0,274
1334,0.02877697841726619,278
1335,0.0037313432835820895,268
1336,0.0,265
1337,0.16356877323420074,269
1338,0.19927536231884058,276
1339,0.17883211678832117,274
1340,0.11877394636015326,261
1341,0.31365313653136534,271
1343,0.12313432835820895,268
1344,0.0,266
1345,0.007352941176470588,272
1346,0.0,269
1347,0.0,268
1348,0.060714285714285714,280
1349,0.007547169811320755,265
1350,0.0,268
1351,0.0036900369003690036,271
1352,0.05204460966542751,269
1353,0.08823529411764706,272
1355,0.0,263
1356,0.39245283018867927,265
1357,0.021739130434782608,276
1358,0.1039426523297491,279
1392,0.0,263
1393,0.01858736059479554,269
1394,0.03272727272727273,275
1395,0.0,266
1396,0.0,275
1397,0.0,274
1398,0.0076045627376425855,263
1399,0.17735849056603772,265
1400,0.0,273
1401,0.04727272727272727,275
1402,0.0,259
1403,0.0,266
1404,0.0,267
1405,0.055970149253731345,268
1406,0.0,279
1407,0.1198501872659176,267
1408,0.0,271
1409,0.0,274
1410,0.0,273
1411,0.0,255
1412,0.025362318840579712,276
1413,0.1198501872659176,267
1414,0.007142857142857143,280
1415,0.011194029850746268,268
1416,0.014814814814814815,270
1417,0.0036900369003690036,271
1419,0.018518518518518517,270
1420,0.025830258302583026,271
1421,0.014814814814814815,270
1422,0.052434456928838954,267
1423,0.021505376344086023,279
1425,0.2647058823529412,272
1426,0.022388059701492536,268
1427,0.10469314079422383,277
1428,0.018518518518518517,270
1429,0.09157509157509157,273
1430,0.14545454545454545,275
1431,0.0,269
1438,0.0036231884057971015,276
1439,0.0,276
1440,0.0,263
1443,0.0,267
1444,0.0,273
1445,0.0,271
1446,0.0,276
1447,0.0,266
1448,0.0,271
1449,0.014598540145985401,274
1453,0.0,266
1454,0.0,268
1456,0.0,269
1457,0.0,268
1459,0.0,263
1461,0.0,278
1463,0.0,276
1464,0.0,271
1465,0.0,270
1467,0.0,268
1468,0.0,270
1472,0.0,259
1473,0.11070110701107011,271
1474,0.07636363636363637,275
1475,0.0,274
1477,0.0,270
1478,0.0,265
1480,0.0,267
1481,0.0,269
1483,0.03676470588235294,272
1484,0.0,269
1486,0.07168458781362007,279
1488,0.0,274
1489,0.018115942028985508,276
1490,0.0,259
1491,0.0,268
1492,0.0,272
1493,0.0,273
1494,0.4059040590405904,271
1495,0.0,267
1496,0.0,275
1500,0.0,270
1501,0.0,269
1504,0.07063197026022305,269
1506,0.0,265
1507,0.15498154981549817,271
1508,0.2915129151291513,271
1509,0.2633587786259542,262
1510,0.05223880597014925,268
1511,0.1678832116788321,274
1512,0.09363295880149813,267
1518,0.0625,272
1519,0.17454545454545456,275
1520,0.01509433962264151,265
1521,0.3970037453183521,267
1522,0.0,280
1523,0.0,270
1525,0.0,268
1526,0.0,270
1527,0.0,260
1528,0.007547169811320755,265
1529,0.0036231884057971015,276
1530,0.08333333333333333,264
1532,0.16071428571428573,280
1533,0.07894736842105263,266
1534,0.051470588235294115,272
1535,0.5357142857142857,280
1536,0.17374517374517376,259
1537,0.011278195488721804,266
1539,0.32209737827715357,267
1540,0.02888086642599278,277
1541,0.05090909090909091,275
1542,0.06716417910447761,268
1543,0.025830258302583026,271
1544,0.025454545454545455,275
1545,0.04428044280442804,271
1546,0.003676470588235294,272
1547,0.007434944237918215,269
1548,0.01824817518248175,274
1549,0.025,280
1550,0.007575757575757576,264
1551,0.05128205128205128,273
1552,0.04411764705882353,272
1553,0.43911439114391143,271
1554,0.06593406593406594,273
1555,0.014492753623188406,276
1556,0.08791208791208792,273
1557,0.22992700729927007,274
1558,0.15217391304347827,276
1559,0.05673758865248227,282
1560,0.0,284
1561,0.0299625468164794,267
1562,0.003703703703703704,270
1563,0.010869565217391304,276
1564,0.014925373134328358,268
1565,0.05474452554744526,274
1566,0.5797665369649806,257
1567,0.05185185185185185,270
1568,0.5130111524163569,269
1569,0.03636363636363636,275
1570,0.01098901098901099,273
1571,0.0364963503649635,274
1572,0.0072992700729927005,274
1573,0.015037593984962405,266
1574,0.07037037037037037,270
1575,0.0,270
1577,0.16541353383458646,266
1578,0.011320754716981131,265
1579,0.09225092250922509,271
1580,0.0149812734082397,267
1581,0.19771863117870722,263
1582,0.007518796992481203,266
1583,0.0,254
1584,0.043478260869565216,276
1585,0.01893939393939394,264
1586,0.0,272
1587,0.014598540145985401,274
1588,0.018796992481203006,266
1589,0.0037313432835820895,268
1590,0.04797047970479705,271
1591,0.02158273381294964,278
1592,0.01858736059479554,269
1593,0.12030075187969924,266
1594,0.007407407407407408,270
1595,0.0,274
1596,0.16417910447761194,268
1597,0.0,273
1598,0.0,270
1599,0.0,273
1600,0.0,273
1601,0.0,268
1602,0.20817843866171004,269
1603,0.05904059040590406,271
1604,0.0,274
1605,0.022058823529411766,272
1606,0.00749063670411985,267
1607,0.003787878787878788,264
1608,0.015209125475285171,263
1609,0.0,267
1610,0.2084942084942085,259
1611,0.06513409961685823,261
1612,0.37037037037037035,270
1613,0.040145985401459854,274
1614,0.0149812734082397,267
1615,0.48905109489051096,274
1616,0.5335820895522388,268
1617,0.02247191011235955,267
1618,0.23381294964028776,278
1619,0.007246376811594203,276
1620,0.0,269
1621,0.21673003802281368,263
1622,0.043478260869565216,276
1623,0.0,258
1624,0.041044776119402986,268
1625,0.10469314079422383,277
1626,0.057034220532319393,263
1627,0.058394160583941604,274
1628,0.3467153284671533,274
1629,0.27472527472527475,273
1630,0.10116731517509728,257
1631,0.7350746268656716,268
1632,0.0,274
1633,0.04363636363636364,275
1634,0.8150943396226416,265
1635,0.07575757575757576,264
1636,0.08646616541353383,266
1637,0.06367041198501873,267
1638,0.29927007299270075,274
1639,0.02564102564102564,273
1640,0.03802281368821293,263
1641,0.4368231046931408,277
1642,0.01090909090909091,275
1643,0.022727272727272728,264
1644,0.16666666666666666,276
1645,0.1259259259259259,270
1646,0.1553030303030303,264
1647,0.043478260869565216,276
1648,0.0,269
1649,0.07407407407407407,270
1650,0.10037174721189591,269
1651,0.04580152671755725,262
1652,0.0,268
1653,0.14615384615384616,260
1654,0.17843866171003717,269
1655,0.11827956989247312,279
1656,0.21014492753623187,276
1657,0.07865168539325842,267
1658,0.4962686567164179,268
1659,0.011111111111111112,270
1660,0.014652014652014652,273
1661,0.011029411764705883,272
1662,0.4065934065934066,273
1663,0.06319702602230483,269
1664,0.055762081784386616,269
1665,0.0,275
1666,0.21942446043165467,278
1667,0.0,271
1668,0.0,279
1669,0.0036900369003690036,271
1670,0.0,275
1671,0.011278195488721804,266
1672,0.1213235294117647,272
1673,0.1018867924528302,265
1674,0.4580152671755725,262
1675,0.19923371647509577,261
1676,0.003676470588235294,272
1678,0.08243727598566308,279
1679,0.09191176470588236,272
1680,0.021739130434782608,276
1681,0.052434456928838954,267
1682,0.35793357933579334,271
1683,0.16117216117216118,273
1685,0.03345724907063197,269
1686,0.3320754716981132,265
1687,0.02973977695167286,269
1688,0.03717472118959108,269
1689,0.014814814814814815,270
1690,0.0037174721189591076,269
1691,0.0,270
1692,0.003816793893129771,262
1693,0.09022556390977443,266
1694,0.27941176470588236,272
1696,0.08955223880597014,268
1697,0.3074074074074074,270
1698,0.0037313432835820895,268
1699,0.33458646616541354,266
1700,0.1282051282051282,273
1701,0.08614232209737828,267
1702,0.018867924528301886,265
1703,0.025925925925925925,270
1704,0.30916030534351147,262
1705,0.2339622641509434,265
1706,0.09057971014492754,276
1707,0.0,276
1708,0.01818181818181818,275
1709,0.029304029304029304,273
1710,0.14130434782608695,276
1711,0.4078014184397163,282
1712,0.029304029304029304,273
1714,0.04428044280442804,271
1715,0.0036900369003690036,271
1717,0.03717472118959108,269
1718,0.0037593984962406013,266
1719,0.04044117647058824,272
1722,0.045283018867924525,265
1724,0.0661764705882353,272
1725,0.011627906976744186,258
1726,0.0,275
1727,0.03007518796992481,266
1728,0.12043795620437957,274
1730,0.029411764705882353,272
1731,0.011152416356877323,269
1732,0.011538461538461539,260
1733,0.014652014652014652,273
1737,0.0149812734082397,267
1738,0.19923371647509577,261
1739,0.01838235294117647,272
1740,0.0037174721189591076,269
1741,0.04693140794223827,277
1742,0.021897810218978103,274
1743,0.06785714285714285,280
1744,0.03802281368821293,263
1745,0.12781954887218044,266
1746,0.01532567049808429,261
1747,0.01090909090909091,275
1749,0.0539568345323741,278
1750,0.028985507246376812,276
1751,0.0036496350364963502,274
1752,0.2862453531598513,269
1753,0.03690036900369004,271
1754,0.011029411764705883,272
1755,0.4712230215827338,278
1756,0.1039426523297491,279
1757,0.022304832713754646,269
1758,0.0,279
1759,0.45555555555555555,270
1760,0.18518518518518517,270
1761,0.0,270
1762,0.007518796992481203,266
1764,0.0,268
1765,0.0,267
1766,0.3382899628252788,269
1768,0.26811594202898553,276
1769,0.025925925925925925,270
1770,0.0038022813688212928,263
1771,0.007246376811594203,276
1773,0.0037313432835820895,268
1774,0.08239700374531835,267
1775,0.02247191011235955,267
1776,0.2545454545454545,275
1777,0.003703703703703704,270
1778,0.0036363636363636364,275
1780,0.09363295880149813,267
1781,0.007352941176470588,272
1782,0.5111111111111111,270
1783,0.0,270
1784,0.032846715328467155,274
1785,0.22868217054263565,258
1786,0.0,260
1787,0.032846715328467155,274
1788,0.15636363636363637,275
1845,0.0,263
1846,0.01107011070110701,271
1848,0.03676470588235294,272
1849,0.0038910505836575876,257
1850,0.007547169811320755,265
1851,0.01858736059479554,269
1852,0.03383458646616541,266
1853,0.025735294117647058,272
1854,0.040740740740740744,270
1855,0.05,280
1856,0.08856088560885608,271
1857,0.007575757575757576,264
1858,0.08076923076923077,260
1859,0.0,273
1860,0.03717472118959108,269
1861,0.007434944237918215,269
1862,0.038314176245210725,261
1863,0.0,269
1864,0.014492753623188406,276
1865,0.07092198581560284,282
1868,0.030534351145038167,262
1869,0.04150943396226415,265
1870,0.07063197026022305,269
1871,0.03731343283582089,268
1872,0.025735294117647058,272
1873,0.021505376344086023,279
1874,0.0,273
1875,0.13432835820895522,268
1876,0.0,271
1877,0.0,263
1878,0.0,276
1879,0.22388059701492538,268
1880,0.12177121771217712,271
1881,0.0,261
1883,0.6283524904214559,261
1884,0.04727272727272727,275
1885,0.0,264
1886,0.045627376425855515,263
1887,0.1,270
1888,0.12681159420289856,276
1889,0.011406844106463879,263
1890,0.0,271
1891,0.0072992700729927005,274
1892,0.007352941176470588,272
1893,0.046762589928057555,278
1894,0.007434944237918215,269
1895,0.1575091575091575,273
1896,0.029304029304029304,273
1897,0.014925373134328358,268
1898,0.03745318352059925,267
1899,0.03260869565217391,276
1900,0.0,269
1901,0.01486988847583643,269
1902,0.04814814814814815,270
1903,0.02197802197802198,273
1904,0.022388059701492536,268
1905,0.0,271
1906,0.14814814814814814,270
1907,0.011406844106463879,263
1908,0.011111111111111112,270
1909,0.0695970695970696,273
1910,0.02214022140221402,271
1912,0.04477611940298507,268
1915,0.07806691449814127,269
1916,0.011029411764705883,272
1917,0.06716417910447761,268
1918,0.0449438202247191,267
1919,0.0,272
1920,0.0037735849056603774,265
1921,0.03636363636363636,275
1922,0.007434944237918215,269
1923,0.021739130434782608,276
1924,0.05,260
1925,0.025454545454545455,275
1926,0.06716417910447761,268
1927,0.06367041198501873,267
1928,0.05818181818181818,275
1929,0.01818181818181818,275
1930,0.033707865168539325,267
1931,0.3643122676579926,269
1932,0.02877697841726619,278
1933,0.04693140794223827,277
1934,0.43333333333333335,270
1935,0.07553956834532374,278
1936,0.007272727272727273,275
1937,0.17279411764705882,272
1938,0.007462686567164179,268
1939,0.12681159420289856,276
1940,0.07169811320754717,265
1941,0.08664259927797834,277
1942,0.3283018867924528,265
1943,0.01444043321299639,277
1944,0.16793893129770993,262
1945,0.0749063670411985,267
1947,0.07352941176470588,272
1948,0.22180451127819548,266
1949,0.0,277
1950,0.24727272727272728,275
1951,0.10112359550561797,267
1952,0.0,273
1954,0.06319702602230483,269
1955,0.09386281588447654,277
1956,0.0036101083032490976,277
1957,0.0,272
1958,0.0,275
1959,0.007246376811594203,276
1960,0.0036900369003690036,271
1961,0.0,273
1962,0.0,267
1963,0.0,275
1965,0.0036496350364963502,274
1966,0.07434944237918216,269
1967,0.025362318840579712,276
1968,0.0,274
1969,0.0,263
1970,0.0,273
1971,0.0,259
1972,0.025925925925925925,270
1973,0.02973977695167286,269
1974,0.01858736059479554,269
1975,0.003663003663003663,273
1976,0.014705882352941176,272
1977,0.0,268
1978,0.018726591760299626,267
1979,0.0,278
1980,0.0,267
1981,0.18045112781954886,266
1982,0.15272727272727274,275
1983,0.07434944237918216,269
1984,0.022556390977443608,266
1985,0.0,270
1986,0.0,271
1987,0.35074626865671643,268
1988,0.022058823529411766,272
1989,0.0,276
1990,0.11191335740072202,277
1991,0.03272727272727273,275
1992,0.007326007326007326,273
1993,0.0036900369003690036,271
1994,0.029197080291970802,274
1995,0.0,274
1996,0.03731343283582089,268
1997,0.0,269
1999,0.26765799256505574,269
2000,0.0,270
2001,0.04980842911877394,261
2002,0.07326007326007326,273
2004,0.0,267
2005,0.34558823529411764,272
2006,0.0,264
2007,0.0,278
2008,0.06569343065693431,274
2009,0.047619047619047616,273
2010,0.06859205776173286,277
2011,0.09057971014492754,276
2012,0.003676470588235294,272
2015,0.04332129963898917,277
2017,0.305019305019305,259
2018,0.4826254826254826,259
2019,0.22388059701492538,268
2021,0.014285714285714285,280
2022,0.06593406593406594,273
2023,0.0695970695970696,273
2024,0.5494505494505495,273
2025,0.0035842293906810036,279
2027,0.010869565217391304,276
2028,0.5229007633587787,262
2030,0.13167259786476868,281
2031,0.014705882352941176,272
2032,0.0,272
2033,0.0,269
2034,0.08679245283018867,265
2035,0.33458646616541354,266
2036,0.6022304832713755,269
2037,0.07835820895522388,268
2039,0.19708029197080293,274
2040,0.09665427509293681,269
2041,0.4603174603174603,252
2042,0.003703703703703704,270
2043,0.050724637681159424,276
2044,0.0,264
2045,0.014925373134328358,268
2046,0.003703703703703704,270
2047,0.23443223443223443,273
2048,0.02181818181818182,275
2049,0.04460966542750929,269
2050,0.0038461538461538464,260
2051,0.0,260
2052,0.07251908396946564,262
2053,0.003703703703703704,270
2054,0.0037593984962406013,266
2055,0.003663003663003663,273
2056,0.02247191011235955,267
2057,0.007380073800738007,271
2058,0.06367041198501873,267
2059,0.10622710622710622,273
2060,0.033707865168539325,267
2061,0.07885304659498207,279
2062,0.01486988847583643,269
2063,0.0,265
2064,0.018867924528301886,265
2065,0.022556390977443608,266
2066,0.03076923076923077,260
2067,0.05514705882352941,272
2068,0.010869565217391304,276
2069,0.007380073800738007,271
2070,0.0036496350364963502,274
2072,0.06934306569343066,274
2073,0.0,277
2074,0.4377358490566038,265
2075,0.33088235294117646,272
2076,0.06896551724137931,261
2077,0.07116104868913857,267
2078,0.018115942028985508,276
2079,0.044444444444444446,270
2080,0.0038022813688212928,263
2081,0.02527075812274368,277
2082,0.018050541516245487,277
2085,0.014492753623188406,276
2087,0.014925373134328358,268
2088,0.03007518796992481,266
2089,0.014814814814814815,270
2090,0.011029411764705883,272
2091,0.011029411764705883,272
2093,0.007326007326007326,273
2094,0.04059040590405904,271
2095,0.015037593984962405,266
2096,0.037037037037037035,270
2098,0.007462686567164179,268
2100,0.04150943396226415,265
2101,0.0,276
2105,0.003816793893129771,262
2108,0.025547445255474453,274
2109,0.019011406844106463,263
2110,0.05776173285198556,277
2111,0.0,271
2112,0.022388059701492536,268
2113,0.0,263
2114,0.08,275
2116,0.03636363636363636,275
2117,0.026119402985074626,268
2118,0.05714285714285714,280
2119,0.0,266
2120,0.051470588235294115,272
2121,0.028368794326241134,282
2122,0.0,272
2124,0.007407407407407408,270
2125,0.03296703296703297,273
2126,0.022058823529411766,272
2127,0.01444043321299639,277
2128,0.06741573033707865,267
2129,0.02952029520295203,271
2130,0.05725190839694656,262
2131,0.0,269
2132,0.04814814814814815,270
2133,0.007407407407407408,270
2134,0.026615969581749048,263
2136,0.1259259259259259,270
2137,0.014705882352941176,272
2138,0.04044117647058824,272
2139,0.011152416356877323,269
2140,0.03260869565217391,276
2142,0.025830258302583026,271
2143,0.01098901098901099,273
2144,0.0,274
2145,0.041044776119402986,268
2146,0.23443223443223443,273
2148,0.0037593984962406013,266
2149,0.1881918819188192,271
2150,0.08778625954198473,262
2151,0.4007352941176471,272
2152,0.014814814814814815,270
2153,0.0,271
2154,0.17407407407407408,270
2155,0.4411764705882353,272
2156,0.014598540145985401,274
2157,0.1948529411764706,272
2158,0.0076045627376425855,263
2159,0.10150375939849623,266
2160,0.018115942028985508,276
2161,0.0,273
2162,0.014814814814814815,270
2163,0.20676691729323307,266
2164,0.0,270
2165,0.03802281368821293,263
2167,0.14233576642335766,274
2168,0.03717472118959108,269
2169,0.0,265
2171,0.026022304832713755,269
2172,0.02962962962962963,270
2173,0.0,267
2174,0.09420289855072464,276
2175,0.014760147601476014,271
2176,0.2028985507246377,276
2177,0.17279411764705882,272
2178,0.007434944237918215,269
2179,0.041353383458646614,266
2180,0.0036101083032490976,277
2181,0.01845018450184502,271
2182,0.10074626865671642,268
2183,0.0037735849056603774,265
2184,0.04044117647058824,272
2185,0.01098901098901099,273
2186,0.036101083032490974,277
2187,0.10566037735849057,265
2188,0.39776951672862454,269
2189,0.0,267
2190,0.0,268
2191,0.35793357933579334,271
2192,0.0,271
2193,0.0,269
2194,0.0,268
2195,0.09230769230769231,260
2196,0.007633587786259542,262
2197,0.0036363636363636364,275
2198,0.05904059040590406,271
2199,0.0,263
2200,0.44776119402985076,268
2201,0.10909090909090909,275
2202,0.027237354085603113,257
2203,0.0037174721189591076,269
2204,0.08045977011494253,261
2205,0.352059925093633,267
2206,0.12406015037593984,266
2207,0.01893939393939394,264
2208,0.0036231884057971015,276
2210,0.0,267
2211,0.06792452830188679,265
2212,0.04905660377358491,265
2213,0.011111111111111112,270
2215,0.0,261
2216,0.0,277
2217,0.011320754716981131,265
2218,0.2889733840304182,263
2219,0.1282051282051282,273
2220,0.0,263
2221,0.0,261
2222,0.04428044280442804,271
2223,0.27205882352941174,272
2224,0.0888030888030888,259
2225,0.2454212454212454,273
2226,0.0,265
2227,0.003676470588235294,272
2228,0.0,265
2229,0.0,268
2230,0.0,266
2231,0.0364963503649635,274
2232,0.02973977695167286,269
2233,0.06545454545454546,275
2234,0.13780918727915195,283
2235,0.3843283582089552,268
2236,0.13333333333333333,270
2237,0.003745318352059925,267
2238,0.04044117647058824,272
2241,0.4253731343283582,268
2242,0.06593406593406594,273
2243,0.00749063670411985,267
2244,0.0,273
2245,0.0,274
2248,0.003663003663003663,273
2249,0.007380073800738007,271
2250,0.0,264
2251,0.0,266
2252,0.0,272
2253,0.0,270
2254,0.01098901098901099,273
2255,0.007272727272727273,275
2256,0.01893939393939394,264
2257,0.0038461538461538464,260
2258,0.036,250
2259,0.03018867924528302,265
2260,0.0035971223021582736,278
2262,0.022641509433962263,265
2264,0.5746268656716418,268
2265,0.022556390977443608,266
2266,0.056179775280898875,267
2267,0.08,275
2268,0.055970149253731345,268
2269,0.007272727272727273,275
2270,0.06177606177606178,259
2271,0.025362318840579712,276
2272,0.17777777777777778,270
2274,0.29044117647058826,272
2275,0.0,266
2276,0.0,269
2278,0.014652014652014652,273
2279,0.0,267
2280,0.14814814814814814,270
2281,0.0,270
2282,0.0,268
2286,0.0,265
2287,0.022727272727272728,264
2288,0.02702702702702703,259
2289,0.0,272
2292,0.040293040293040296,273
2293,0.03345724907063197,269
2294,0.034220532319391636,263
2295,0.12639405204460966,269
2296,0.06985294117647059,272
2297,0.0,264
2298,0.21292775665399238,263
2299,0.026217228464419477,267
2300,0.0830188679245283,265
2301,0.00749063670411985,267
2302,0.06382978723404255,282
2303,0.014814814814814815,270
2304,0.15217391304347827,276
2305,0.20300751879699247,266
2307,0.10606060606060606,264
2308,0.0,271
2309,0.04428044280442804,271
2310,0.04316546762589928,278
2311,0.09578544061302682,261
2312,0.0,268
2314,0.6617647058823529,272
2315,0.06521739130434782,276
2316,0.9446494464944649,271
2317,0.08270676691729323,266
2318,0.0,277
2320,0.0,271
2321,0.0037313432835820895,268
2322,0.007434944237918215,269
2323,0.08921933085501858,269
2324,0.0,263
2325,0.0035971223021582736,278
2326,0.3445692883895131,267
2327,0.0037174721189591076,269
2328,0.19548872180451127,266
2329,0.06538461538461539,260
2330,0.38345864661654133,266
2332,0.04905660377358491,265
2333,0.011450381679389313,262
2334,0.0035971223021582736,278
2335,0.046153846153846156,260
2336,0.015037593984962405,266
2337,0.0,268
2338,0.3416370106761566,281
2339,0.09259259259259259,270
2340,0.0,265
2341,0.0,264
2342,0.3169811320754717,265
2343,0.0,279
2344,0.003663003663003663,273
2345,0.0,263
2348,0.0,261
2349,0.0,271
2618,0.06367041198501873,267
2619,0.08960573476702509,279
2620,0.0,267
2621,0.0,277
2644,0.0,266
2646,0.0,277
2647,0.0,268
2648,0.0,263
2649,0.0,277
2651,0.0,268
2652,0.0,276
2710,0.019305019305019305,259
2808,0.0,265
2809,0.0,278
2813,0.21611721611721613,273
2814,0.0,271
2872,0.0,262
2876,0.2644927536231884,276
2879,0.07407407407407407,270
2880,0.09701492537313433,268
2881,0.0,267
2882,0.0,280
2883,0.01079136690647482,278
2884,0.2536764705882353,272
2885,0.003787878787878788,264
2886,0.044444444444444446,270
2887,0.0,268
3005,0.0,266
3007,0.21245421245421245,273
3009,0.0,272
3011,0.0,268
3012,0.44,275
3013,0.0,274
9001,0.0,258
9002,0.0,271
